{
  "width": 635,
  "height": 306,
  "cx": [
    [ "REPETITION", 203 ],
    [ "PARTICIPER2", 333 ],
    [ "SORTIE", 452 ],
    [ "RELIER", 577 ],
    [ "DEMI_JOURNNE", 63 ],
    [ "DISPONIBILITE", 203 ],
    [ "MUSICIEN", 333 ],
    [ "PARTICIPER1", 452 ],
    [ "SONDAGE", 577 ]
  ],
  "cy": [
    [ "REPETITION", 77 ],
    [ "PARTICIPER2", 77 ],
    [ "SORTIE", 77 ],
    [ "RELIER", 77 ],
    [ "DEMI_JOURNNE", 212 ],
    [ "DISPONIBILITE", 212 ],
    [ "MUSICIEN", 212 ],
    [ "PARTICIPER1", 212 ],
    [ "SONDAGE", 212 ]
  ],
  "shift": [
    [ "PARTICIPER2,REPETITION,0", 0 ],
    [ "PARTICIPER2,MUSICIEN,0", 0 ],
    [ "RELIER,SORTIE,0", 0 ],
    [ "RELIER,SONDAGE,0", 0 ],
    [ "DISPONIBILITE,DEMI_JOURNNE,0", 0 ],
    [ "DISPONIBILITE,MUSICIEN,0", 0 ],
    [ "PARTICIPER1,SORTIE,0", 0 ],
    [ "PARTICIPER1,MUSICIEN,0", 0 ]
  ],
  "ratio": []
}
