{
  "width": 817,
  "height": 878,
  "cx": [
    [ "RELIER1", 58 ],
    [ "REPETITION", 291 ],
    [ "PRESENCE_REPETITION", 572 ],
    [ "DEMI_JOURNNE", 741 ],
    [ "PARTICIPATION_REPETITION", 439 ],
    [ "SONDAGE", 58 ],
    [ "RELIER2", 171 ],
    [ "QUESTION", 291 ],
    [ "REPONDU", 439 ],
    [ "MUSICIEN", 572 ],
    [ "DISPONIBILITE", 741 ],
    [ "PARTICIPATION_SORTIE", 439 ],
    [ "JOUER", 741 ],
    [ "RELIER", 58 ],
    [ "SORTIE", 291 ],
    [ "PRESENCE_SORTIE", 572 ],
    [ "TYPE_INSTRUMENT", 741 ],
    [ "CORRESPONDRE", 439 ],
    [ "IMAGE", 291 ]
  ],
  "cy": [
    [ "RELIER1", 68 ],
    [ "REPETITION", 68 ],
    [ "PRESENCE_REPETITION", 68 ],
    [ "DEMI_JOURNNE", 68 ],
    [ "PARTICIPATION_REPETITION", 194 ],
    [ "SONDAGE", 346 ],
    [ "RELIER2", 346 ],
    [ "QUESTION", 346 ],
    [ "REPONDU", 346 ],
    [ "MUSICIEN", 346 ],
    [ "DISPONIBILITE", 346 ],
    [ "PARTICIPATION_SORTIE", 498 ],
    [ "JOUER", 498 ],
    [ "RELIER", 641 ],
    [ "SORTIE", 641 ],
    [ "PRESENCE_SORTIE", 641 ],
    [ "TYPE_INSTRUMENT", 641 ],
    [ "CORRESPONDRE", 742 ],
    [ "IMAGE", 818 ]
  ],
  "shift": [
    [ "RELIER1,REPETITION,0", 0 ],
    [ "RELIER1,SONDAGE,0", 0 ],
    [ "PRESENCE_REPETITION,MUSICIEN,0", 0 ],
    [ "PRESENCE_REPETITION,REPETITION,0", 0 ],
    [ "PARTICIPATION_REPETITION,REPETITION,0", 0 ],
    [ "PARTICIPATION_REPETITION,MUSICIEN,0", 0 ],
    [ "RELIER2,QUESTION,0", 0 ],
    [ "RELIER2,SONDAGE,0", 0 ],
    [ "REPONDU,QUESTION,0", 0 ],
    [ "REPONDU,MUSICIEN,0", 0 ],
    [ "DISPONIBILITE,DEMI_JOURNNE,0", 0 ],
    [ "DISPONIBILITE,MUSICIEN,0", 0 ],
    [ "PARTICIPATION_SORTIE,SORTIE,0", 0 ],
    [ "PARTICIPATION_SORTIE,MUSICIEN,0", 0 ],
    [ "JOUER,MUSICIEN,0", 0 ],
    [ "JOUER,TYPE_INSTRUMENT,0", 0 ],
    [ "RELIER,SORTIE,0", 0 ],
    [ "RELIER,SONDAGE,0", 0 ],
    [ "PRESENCE_SORTIE,MUSICIEN,0", 0 ],
    [ "PRESENCE_SORTIE,SORTIE,0", 0 ],
    [ "CORRESPONDRE,IMAGE,0", 0 ],
    [ "CORRESPONDRE,SORTIE,0", 0 ]
  ],
  "ratio": []
}
